timestamp,user_id,network_speed,files_accessed,suspicious_score,attack_flag,device_type_Laptop,device_type_Mobile,device_type_Tablet
2024-01-01 00:00:00,1102,19,22,0.14213712379345766,0,1,0,0
2024-01-01 01:00:00,1435,25,18,0.011706610730904066,0,1,0,0
2024-01-01 02:00:00,1860,80,30,0.422034260127639,0,0,1,0
2024-01-01 03:00:00,1270,26,4,0.29504070765415624,0,0,0,1
2024-01-01 04:00:00,1106,32,18,0.486000493797603,0,1,0,0
2024-01-01 05:00:00,1071,35,33,0.5771998867345508,1,0,0,0
2024-01-01 06:00:00,1700,94,9,0.04373907230894736,0,1,0,0
2024-01-01 07:00:00,1020,95,24,0.12300329512374564,0,0,0,0
2024-01-01 08:00:00,1614,16,1,0.5586423964504253,0,0,0,1
2024-01-01 09:00:00,1121,23,10,0.34316735317265823,0,0,1,0
2024-01-01 10:00:00,1466,88,49,0.729173487549448,0,1,0,0
2024-01-01 11:00:00,1214,16,30,0.6522916485919397,0,0,1,0
2024-01-01 12:00:00,1330,18,14,0.8456043629899068,0,1,0,0
2024-01-01 13:00:00,1458,57,8,0.6924928266692253,0,0,0,0
2024-01-01 14:00:00,1087,81,22,0.42993107739014813,0,0,1,0
2024-01-01 15:00:00,1372,68,18,0.6729666223944324,0,1,0,0
2024-01-01 16:00:00,1099,96,8,0.2753811742554185,0,0,0,0
2024-01-01 17:00:00,1871,91,34,0.3063134987782127,0,0,1,0
2024-01-01 18:00:00,1663,48,20,0.7889851599207933,0,0,1,0
2024-01-01 19:00:00,1130,27,8,0.4464195164015822,0,1,0,0
2024-01-01 20:00:00,1661,68,27,0.7983803405183525,0,1,0,0
2024-01-01 21:00:00,1308,26,45,0.8224223736682784,0,1,0,0
2024-01-01 22:00:00,1769,23,6,0.8575623376612838,0,0,0,0
2024-01-01 23:00:00,1343,40,15,0.9166352358412073,0,1,0,0
2024-01-02 00:00:00,1491,33,15,0.43098522051329624,0,0,1,0
2024-01-02 01:00:00,1413,69,32,0.31886681832113883,0,0,1,0
2024-01-02 02:00:00,1805,54,3,0.5821987465941139,1,1,0,0
2024-01-02 03:00:00,1385,12,3,0.3711724234376276,0,1,0,0
2024-01-02 04:00:00,1191,46,38,0.601074166800233,0,0,0,1
2024-01-02 05:00:00,1955,52,39,0.7055858626438246,0,0,1,0
2024-01-02 06:00:00,1276,49,16,0.6884050184921369,0,0,0,0
2024-01-02 07:00:00,1160,99,36,0.37455288702012135,0,0,0,1
2024-01-02 08:00:00,1459,64,38,0.16686020169875282,1,1,0,0
2024-01-02 09:00:00,1313,96,28,0.43052933846220753,1,1,0,0
2024-01-02 10:00:00,1021,48,35,0.14259414408190874,0,0,1,0
2024-01-02 11:00:00,1252,24,37,0.8900970351838083,1,1,0,0
2024-01-02 12:00:00,1747,13,38,0.3458774607378574,1,0,0,0
2024-01-02 13:00:00,1856,95,49,0.15445974722332378,0,0,1,0
2024-01-02 14:00:00,1560,34,36,0.025447759905750877,0,1,0,0
2024-01-02 15:00:00,1474,22,34,0.6458223862864843,0,0,1,0
2024-01-02 16:00:00,1058,91,6,0.6369023174547432,0,1,0,0
2024-01-02 17:00:00,1510,42,26,0.34060416658129167,0,1,0,0
2024-01-02 18:00:00,1681,25,27,0.071711888847651,0,1,0,0
2024-01-02 19:00:00,1475,51,21,0.409628894895232,1,0,0,0
2024-01-02 20:00:00,1699,75,13,0.3112174950633936,0,0,0,0
2024-01-02 21:00:00,1975,64,6,0.6771206397350094,0,0,1,0
2024-01-02 22:00:00,1782,51,36,0.6057792494526903,0,1,0,0
2024-01-02 23:00:00,1189,43,21,0.36459372819754,1,1,0,0
2024-01-03 00:00:00,1957,39,4,0.2178925542549901,1,0,0,0
2024-01-03 01:00:00,1686,22,1,0.9880359661555919,0,1,0,0
2024-01-03 02:00:00,1957,22,26,0.45400162119611487,0,0,0,0
2024-01-03 03:00:00,1562,27,20,0.688274235780237,0,1,0,0
2024-01-03 04:00:00,1875,41,37,0.14055296757836078,0,0,1,0
2024-01-03 05:00:00,1566,48,14,0.4855896996593978,0,1,0,0
2024-01-03 06:00:00,1243,55,20,0.027536719869465487,0,1,0,0
2024-01-03 07:00:00,1831,38,9,0.50545511791045,0,0,0,1
2024-01-03 08:00:00,1504,71,22,0.9640174071177023,0,0,0,0
2024-01-03 09:00:00,1130,71,38,0.3842067129858002,0,1,0,0
2024-01-03 10:00:00,1484,66,4,0.03899601257491159,0,1,0,0
2024-01-03 11:00:00,1818,25,0,0.03095579091934353,0,0,0,1
2024-01-03 12:00:00,1646,65,12,0.3879867599468695,0,0,0,1
2024-01-03 13:00:00,1020,19,20,0.16002493646319405,0,0,0,0
2024-01-03 14:00:00,1840,39,25,0.023352096328185912,0,0,0,1
2024-01-03 15:00:00,1166,34,49,0.7562136139501768,0,0,1,0
2024-01-03 16:00:00,1273,93,44,0.4585230088818907,0,0,0,1
2024-01-03 17:00:00,1387,14,20,0.2892447719726545,0,0,1,0
2024-01-03 18:00:00,1600,74,17,0.9000831830164807,0,0,0,0
2024-01-03 19:00:00,1315,58,36,0.11613896020052561,0,0,0,0
2024-01-03 20:00:00,1013,12,44,0.9559188289553192,0,0,0,0
2024-01-03 21:00:00,1241,54,31,0.3139667173773528,1,0,0,0
2024-01-03 22:00:00,1776,23,35,0.8884036723086812,0,0,0,0
2024-01-03 23:00:00,1345,39,16,0.6029428764794615,0,0,1,0
2024-01-04 00:00:00,1564,77,34,0.8267073597414875,1,0,1,0
2024-01-04 01:00:00,1897,27,48,0.9840131632104643,0,0,0,0
2024-01-04 02:00:00,1339,71,10,0.2884054378187457,0,0,0,1
2024-01-04 03:00:00,1091,46,20,0.961135485407593,0,1,0,0
2024-01-04 04:00:00,1366,34,25,0.38948189490242036,0,0,0,0
2024-01-04 05:00:00,1955,57,3,0.3855119047369223,0,0,0,1
2024-01-04 06:00:00,1454,74,33,0.3403871042545057,0,1,0,0
2024-01-04 07:00:00,1427,62,47,0.5414076073475852,1,0,0,0
2024-01-04 08:00:00,1508,88,17,0.1541450431784871,1,0,0,0
2024-01-04 09:00:00,1775,82,39,0.5537114853580112,0,0,1,0
2024-01-04 10:00:00,1942,24,34,0.541704812410004,0,1,0,0
2024-01-04 11:00:00,1034,58,40,0.76190181260487,0,1,0,0
2024-01-04 12:00:00,1205,97,28,0.8336499619375856,1,0,0,1
2024-01-04 13:00:00,1080,77,28,0.44044135031242404,1,0,1,0
2024-01-04 14:00:00,1931,21,37,0.30233324935149375,0,0,1,0
2024-01-04 15:00:00,1561,68,41,0.25933489731709447,0,0,1,0
2024-01-04 16:00:00,1871,46,20,0.19462383670487193,0,0,1,0
2024-01-04 17:00:00,1387,70,41,0.05764758219902488,0,1,0,0
2024-01-04 18:00:00,1001,52,12,0.34244797883471334,0,1,0,0
2024-01-04 19:00:00,1389,79,48,0.27024769213078326,0,0,0,0
2024-01-04 20:00:00,1565,48,40,0.9664173858664074,0,0,0,0
2024-01-04 21:00:00,1105,65,16,0.5577088262500439,0,0,1,0
2024-01-04 22:00:00,1771,72,8,0.34727703903050755,0,0,1,0
2024-01-04 23:00:00,1821,55,40,0.580467600993696,1,0,1,0
2024-01-05 00:00:00,1476,97,0,0.1391967013456955,0,0,0,0
2024-01-05 01:00:00,1702,20,1,0.4440437492022029,0,0,0,1
2024-01-05 02:00:00,1401,71,47,0.6262343214210638,0,0,0,1
2024-01-05 03:00:00,1729,86,28,0.4888978317924514,0,0,0,0
2024-01-05 04:00:00,1555,34,32,0.40177880065432425,0,0,0,0
2024-01-05 05:00:00,1161,80,9,0.9938483888996982,0,0,0,0
2024-01-05 06:00:00,1201,61,49,0.880314762148927,0,0,0,0
2024-01-05 07:00:00,1957,13,39,0.6234059581594401,0,0,0,0
2024-01-05 08:00:00,1995,68,20,0.5693773611822828,0,0,0,0
2024-01-05 09:00:00,1269,81,27,0.620660479824584,0,0,1,0
2024-01-05 10:00:00,1862,29,10,0.20131210782243325,0,0,1,0
2024-01-05 11:00:00,1815,72,33,0.3951377432643186,0,0,1,0
2024-01-05 12:00:00,1270,63,7,0.03945953289089932,0,0,1,0
2024-01-05 13:00:00,1455,83,21,0.47554603748682667,0,0,0,0
2024-01-05 14:00:00,1461,66,7,0.5430245839576632,0,0,0,1
2024-01-05 15:00:00,1726,99,48,0.2277497361032096,0,1,0,0
2024-01-05 16:00:00,1251,50,14,0.9640288471655137,0,0,0,0
2024-01-05 17:00:00,1701,12,16,0.909454610937242,0,1,0,0
2024-01-05 18:00:00,1295,15,22,0.7221432354559059,0,0,0,1
2024-01-05 19:00:00,1724,14,23,0.5333866287653626,0,0,1,0
2024-01-05 20:00:00,1719,14,44,0.869969159647685,0,0,0,1
2024-01-05 21:00:00,1748,63,18,0.1306523438234629,1,0,0,0
2024-01-05 22:00:00,1337,56,4,0.790509794274885,0,0,1,0
2024-01-05 23:00:00,1878,96,31,0.1248208139668483,0,0,0,0
2024-01-06 00:00:00,1052,58,43,0.7942106625494054,0,0,1,0
2024-01-06 01:00:00,1791,18,0,0.27576756825135695,0,1,0,0
2024-01-06 02:00:00,1921,29,22,0.8770905810181889,0,1,0,0
2024-01-06 03:00:00,1216,70,36,0.9440420938253978,0,1,0,0
2024-01-06 04:00:00,1763,44,7,0.14879596940511564,1,0,0,1
2024-01-06 05:00:00,1187,59,12,0.4626756050653935,0,0,0,0
2024-01-06 06:00:00,1379,91,7,0.9809873781626851,0,0,0,1
2024-01-06 07:00:00,1492,71,22,0.4834074359731466,0,1,0,0
2024-01-06 08:00:00,1040,26,42,0.8635475225145451,0,0,0,0
2024-01-06 09:00:00,1156,97,0,0.5887315221313199,0,1,0,0
2024-01-06 10:00:00,1014,12,44,0.37532990791960186,0,0,0,1
2024-01-06 11:00:00,1812,41,23,0.2857835555258702,0,0,0,1
2024-01-06 12:00:00,1064,22,34,0.20322309108608727,0,0,0,1
2024-01-06 13:00:00,1856,98,23,0.7617981913776972,1,1,0,0
2024-01-06 14:00:00,1838,82,16,0.3865405068230279,1,0,0,0
2024-01-06 15:00:00,1520,77,4,0.5112754622007512,0,0,0,0
2024-01-06 16:00:00,1343,23,19,0.4923254800011819,0,1,0,0
2024-01-06 17:00:00,1128,20,20,0.5772790292331312,1,0,0,0
2024-01-06 18:00:00,1647,65,39,0.8655771456245522,1,1,0,0
2024-01-06 19:00:00,1471,76,30,0.9807393435834294,0,0,0,0
2024-01-06 20:00:00,1062,38,45,0.40758420857381694,0,0,1,0
2024-01-06 21:00:00,1138,18,35,0.8275189221063031,0,0,1,0
2024-01-06 22:00:00,1498,76,10,0.7645277946547177,0,0,0,1
2024-01-06 23:00:00,1592,34,14,0.5735289514555733,1,0,1,0
2024-01-07 00:00:00,1391,85,18,0.9560471436119331,0,0,1,0
2024-01-07 01:00:00,1674,51,6,0.20047451552840279,1,0,1,0
2024-01-07 02:00:00,1418,18,27,0.10926421030962141,0,1,0,0
2024-01-07 03:00:00,1288,88,42,0.8539619669554221,1,0,1,0
2024-01-07 04:00:00,1378,49,4,0.4391498166337483,0,0,1,0
2024-01-07 05:00:00,1772,34,4,0.8469688542070605,0,0,0,1
2024-01-07 06:00:00,1489,14,29,0.8930902051954149,0,0,1,0
2024-01-07 07:00:00,1230,20,31,0.06245759361907144,0,0,1,0
2024-01-07 08:00:00,1040,68,7,0.8834647629860607,0,0,0,0
2024-01-07 09:00:00,1027,97,9,0.4483190553694222,1,0,0,1
2024-01-07 10:00:00,1134,88,37,0.5104324890042322,0,0,0,1
2024-01-07 11:00:00,1200,47,46,0.6265925110932102,1,0,0,1
2024-01-07 12:00:00,1839,81,31,0.9263826067300868,1,0,0,1
2024-01-07 13:00:00,1779,14,47,0.01911609442976403,0,0,0,1
2024-01-07 14:00:00,1929,57,27,0.4768434683178171,0,0,0,1
2024-01-07 15:00:00,1032,99,16,0.6877220424305607,0,1,0,0
2024-01-07 16:00:00,1047,27,30,0.7227069576982285,0,0,1,0
2024-01-07 17:00:00,1502,79,7,0.692532431537108,0,0,0,1
2024-01-07 18:00:00,1406,46,39,0.13443512940812186,0,0,1,0
2024-01-07 19:00:00,1573,69,24,0.29939558837168123,0,0,1,0
2024-01-07 20:00:00,1727,57,8,0.35871552541701346,0,1,0,0
2024-01-07 21:00:00,1804,86,1,0.804437207679505,0,0,0,1
2024-01-07 22:00:00,1098,37,14,0.278759872414553,0,0,0,0
2024-01-07 23:00:00,1683,78,49,0.21070496386720317,1,1,0,0
2024-01-08 00:00:00,1871,86,2,0.9574480190380962,0,0,0,0
2024-01-08 01:00:00,1725,90,48,0.0088632851134689,1,0,1,0
2024-01-08 02:00:00,1986,49,35,0.9978208556819782,0,0,1,0
2024-01-08 03:00:00,1546,54,3,0.6768212988573956,0,1,0,0
2024-01-08 04:00:00,1960,71,13,0.8284692994491171,0,1,0,0
2024-01-08 05:00:00,1738,67,40,0.29461939634619316,0,0,0,0
2024-01-08 06:00:00,1612,76,40,0.014315277667059978,0,0,0,1
2024-01-08 07:00:00,1942,65,24,0.73786951856153,0,0,0,0
2024-01-08 08:00:00,1461,49,49,0.8341445970006758,0,1,0,0
2024-01-08 09:00:00,1642,49,9,0.7404761319535191,0,0,0,0
2024-01-08 10:00:00,1768,86,20,0.1428502873008386,0,1,0,0
2024-01-08 11:00:00,1004,42,35,0.7534279222569691,0,0,0,0
2024-01-08 12:00:00,1217,15,11,0.768922782107641,0,1,0,0
2024-01-08 13:00:00,1502,97,26,0.6585405156700549,0,1,0,0
2024-01-08 14:00:00,1766,28,39,0.7661159327955862,0,1,0,0
2024-01-08 15:00:00,1397,89,1,0.8459214396777321,0,0,0,1
2024-01-08 16:00:00,1870,49,12,0.6136041142374584,0,0,0,0
2024-01-08 17:00:00,1794,68,31,0.08860471396967906,1,0,0,0
2024-01-08 18:00:00,1392,68,30,0.48762780966721087,0,0,0,0
2024-01-08 19:00:00,1206,57,15,0.07764933467160506,0,1,0,0
2024-01-08 20:00:00,1014,50,31,0.40754303103243084,0,0,0,0
2024-01-08 21:00:00,1857,22,31,0.40710648912562764,0,0,0,0
2024-01-08 22:00:00,1553,54,33,0.06600984414024158,0,1,0,0
2024-01-08 23:00:00,1891,98,10,0.3488205339694793,0,0,1,0
2024-01-09 00:00:00,1460,62,9,0.11099809879131484,0,1,0,0
2024-01-09 01:00:00,1690,51,14,0.8082352100092222,0,0,0,0
2024-01-09 02:00:00,1574,72,16,0.9476880259644708,0,1,0,0
2024-01-09 03:00:00,1863,36,39,0.0723164752579386,0,0,1,0
2024-01-09 04:00:00,1742,47,17,0.9551152072917014,0,1,0,0
2024-01-09 05:00:00,1240,69,8,0.5225765993367452,0,0,0,0
2024-01-09 06:00:00,1563,16,24,0.2995656779538739,0,0,1,0
2024-01-09 07:00:00,1095,14,39,0.07686207527616351,0,0,0,1
2024-01-09 08:00:00,1899,54,13,0.5006242680704178,0,0,0,0
2024-01-09 09:00:00,1733,67,24,0.7945155444907487,0,0,1,0
2024-01-09 10:00:00,1484,40,49,0.7070864772666982,0,0,1,0
2024-01-09 11:00:00,1406,32,21,0.05022601146397376,0,0,0,1
2024-01-09 12:00:00,1230,51,29,0.07290183536790351,0,1,0,0
2024-01-09 13:00:00,1748,19,19,0.4028732826326371,0,1,0,0
2024-01-09 14:00:00,1654,41,20,0.2952904940479433,0,0,0,0
2024-01-09 15:00:00,1170,62,43,0.23238432305604784,0,0,0,1
2024-01-09 16:00:00,1540,39,31,0.2810044989087136,0,1,0,0
2024-01-09 17:00:00,1035,48,45,0.8034827432968846,0,0,0,1
2024-01-09 18:00:00,1524,40,48,0.9292280536318539,1,1,0,0
2024-01-09 19:00:00,1159,91,20,0.4051026945275664,0,0,1,0
2024-01-09 20:00:00,1838,11,34,0.9061110021324971,0,1,0,0
2024-01-09 21:00:00,1698,87,31,0.32149570124788196,0,0,0,1
2024-01-09 22:00:00,1242,86,29,0.4764369863437916,1,0,1,0
2024-01-09 23:00:00,1085,21,38,0.22602899781599972,1,0,1,0
2024-01-10 00:00:00,1795,48,48,0.640476042175844,0,0,1,0
2024-01-10 01:00:00,1577,75,11,0.9789811151748089,0,0,0,1
2024-01-10 02:00:00,1681,22,40,0.6034930960433786,0,0,0,0
2024-01-10 03:00:00,1556,55,46,0.35781408411354887,0,0,0,0
2024-01-10 04:00:00,1573,36,17,0.6478174459905284,0,0,0,0
2024-01-10 05:00:00,1952,26,20,0.12292067846538757,0,0,0,1
2024-01-10 06:00:00,1645,69,12,0.8886590802653986,0,0,1,0
2024-01-10 07:00:00,1795,73,20,0.5030839507798364,0,0,0,0
2024-01-10 08:00:00,1027,97,7,0.44934974203964206,1,0,0,1
2024-01-10 09:00:00,1619,44,45,0.5858647884535192,0,0,0,0
2024-01-10 10:00:00,1555,79,39,0.6247838627894025,0,1,0,0
2024-01-10 11:00:00,1339,92,45,0.07177580622651303,0,0,0,0
2024-01-10 12:00:00,1797,39,6,0.6826172212234024,0,0,0,0
2024-01-10 13:00:00,1957,80,22,0.24193168031552958,0,0,1,0
2024-01-10 14:00:00,1330,83,43,0.7139526325065898,0,0,0,1
2024-01-10 15:00:00,1639,72,31,0.8225347943841967,1,0,1,0
2024-01-10 16:00:00,1505,37,10,0.8039585075525203,0,0,1,0
2024-01-10 17:00:00,1347,69,21,0.5525009674078891,0,0,1,0
2024-01-10 18:00:00,1472,88,21,0.5201698923107512,0,0,1,0
2024-01-10 19:00:00,1230,46,42,0.14287596133941172,0,0,1,0
2024-01-10 20:00:00,1189,31,24,0.7753461504031356,0,0,0,0
2024-01-10 21:00:00,1224,77,21,0.27140938044671437,0,0,1,0
2024-01-10 22:00:00,1384,29,27,0.49669542281794654,0,0,1,0
2024-01-10 23:00:00,1376,77,28,0.2842740929275167,0,0,0,1
2024-01-11 00:00:00,1282,73,12,0.13382836299969314,0,1,0,0
2024-01-11 01:00:00,1957,26,17,0.6295576968917366,0,0,0,0
2024-01-11 02:00:00,1632,21,1,0.05433203482290383,0,0,0,0
2024-01-11 03:00:00,1627,31,28,0.7486452341262,0,0,0,0
2024-01-11 04:00:00,1972,26,20,0.31758679526111666,0,0,1,0
2024-01-11 05:00:00,1744,19,14,0.00013469300448532007,0,0,1,0
2024-01-11 06:00:00,1258,74,26,0.5111291392372298,0,0,1,0
2024-01-11 07:00:00,1358,31,49,0.046851908527603126,0,0,0,1
2024-01-11 08:00:00,1709,99,30,0.27616955782089947,0,1,0,0
2024-01-11 09:00:00,1455,91,14,0.7069764874557162,1,0,1,0
2024-01-11 10:00:00,1410,59,22,0.06268962162186587,1,1,0,0
2024-01-11 11:00:00,1648,23,23,0.8393384923560023,0,0,0,1
2024-01-11 12:00:00,1317,73,43,0.003819922658583108,0,0,0,0
2024-01-11 13:00:00,1676,56,12,0.24682386920190225,0,0,1,0
2024-01-11 14:00:00,1224,38,21,0.7409040561520714,0,1,0,0
2024-01-11 15:00:00,1818,85,42,0.3162701497293068,0,1,0,0
2024-01-11 16:00:00,1233,45,36,0.10189238806601353,0,0,1,0
2024-01-11 17:00:00,1683,61,32,0.3602339188004279,0,0,0,0
2024-01-11 18:00:00,1663,85,2,0.27039328638452553,0,0,0,0
2024-01-11 19:00:00,1974,16,18,0.8427119021605549,0,0,0,0
2024-01-11 20:00:00,1826,38,22,0.31334791758514313,0,0,0,1
2024-01-11 21:00:00,1373,20,28,0.7889324717760072,0,1,0,0
2024-01-11 22:00:00,1671,42,29,0.8918721448107347,0,1,0,0
2024-01-11 23:00:00,1607,15,38,0.43381741957652953,0,1,0,0
2024-01-12 00:00:00,1471,88,43,0.909943143854392,1,0,0,1
2024-01-12 01:00:00,1232,41,46,0.37731805396319285,0,1,0,0
2024-01-12 02:00:00,1691,60,24,0.9640784164901082,0,0,0,1
2024-01-12 03:00:00,1112,84,36,0.08928952452557293,0,0,0,0
2024-01-12 04:00:00,1829,67,46,0.6870192665032427,1,0,1,0
2024-01-12 05:00:00,1496,96,7,0.49381404045692867,0,1,0,0
2024-01-12 06:00:00,1441,35,41,0.38764880545564706,0,1,0,0
2024-01-12 07:00:00,1563,55,15,0.6327118787486009,0,0,0,0
2024-01-12 08:00:00,1267,38,7,0.7038570916343312,0,0,1,0
2024-01-12 09:00:00,1509,13,0,0.004363269650309087,0,0,0,1
2024-01-12 10:00:00,1806,90,43,0.16695308874719872,0,0,1,0
2024-01-12 11:00:00,1385,22,4,0.7130460506343187,0,0,0,0
2024-01-12 12:00:00,1386,48,2,0.6663854135782065,0,0,0,0
2024-01-12 13:00:00,1112,24,0,0.9660475051286772,1,0,1,0
2024-01-12 14:00:00,1612,38,3,0.761037790250783,0,0,0,1
2024-01-12 15:00:00,1624,38,39,0.950772707731338,0,0,0,1
2024-01-12 16:00:00,1951,84,34,0.702540501534807,0,1,0,0
2024-01-12 17:00:00,1080,41,31,0.29805220863944315,0,0,0,1
2024-01-12 18:00:00,1698,11,41,0.10536492225085647,1,0,1,0
2024-01-12 19:00:00,1112,56,33,0.7818238633449356,0,0,0,0
2024-01-12 20:00:00,1001,87,42,0.6441492214759159,0,1,0,0
2024-01-12 21:00:00,1641,93,24,0.04818601239329623,0,1,0,0
2024-01-12 22:00:00,1219,31,9,0.36005046590097833,0,0,0,0
2024-01-12 23:00:00,1565,84,20,0.9567998154842862,0,0,0,1
2024-01-13 00:00:00,1854,36,45,0.5004011457102012,0,0,0,0
2024-01-13 01:00:00,1996,76,38,0.43272913601970464,0,0,0,1
2024-01-13 02:00:00,1735,90,26,0.457699605159294,1,0,0,0
2024-01-13 03:00:00,1224,65,26,0.20888272400516372,0,0,1,0
2024-01-13 04:00:00,1384,30,1,0.3687071708647952,0,0,0,1
2024-01-13 05:00:00,1402,56,40,0.3698132559871766,0,0,1,0
2024-01-13 06:00:00,1637,89,47,0.0523550201874724,0,1,0,0
2024-01-13 07:00:00,1129,68,12,0.7675676285179183,0,0,0,0
2024-01-13 08:00:00,1052,93,8,0.416504431903879,0,1,0,0
2024-01-13 09:00:00,1683,15,35,0.8221798868164233,0,1,0,0
2024-01-13 10:00:00,1729,28,21,0.8503480011198954,0,1,0,0
2024-01-13 11:00:00,1671,66,41,0.21199405469865806,0,1,0,0
2024-01-13 12:00:00,1709,78,25,0.6573534821701286,1,0,0,0
2024-01-13 13:00:00,1415,12,11,0.4722818041629817,0,1,0,0
2024-01-13 14:00:00,1246,10,16,0.8801567379214851,0,0,0,0
2024-01-13 15:00:00,1835,67,13,0.21574067917645412,0,0,0,0
2024-01-13 16:00:00,1438,47,13,0.6778132003100442,0,0,1,0
2024-01-13 17:00:00,1202,24,33,0.6077521222527226,0,0,0,1
2024-01-13 18:00:00,1183,43,19,0.2953014775718328,0,0,0,1
2024-01-13 19:00:00,1122,70,10,0.1366009036511726,0,0,0,0
2024-01-13 20:00:00,1400,44,15,0.6516397604772766,0,0,1,0
2024-01-13 21:00:00,1766,73,30,0.7385974581323307,0,0,0,0
2024-01-13 22:00:00,1293,34,5,0.31562734376335,0,0,0,0
2024-01-13 23:00:00,1279,33,18,0.6448326040223138,0,0,0,0
2024-01-14 00:00:00,1836,21,36,0.39513090761150327,0,0,1,0
2024-01-14 01:00:00,1883,27,3,0.7132068832826177,0,0,0,1
2024-01-14 02:00:00,1609,24,46,0.1992152748940531,0,0,1,0
2024-01-14 03:00:00,1197,89,3,0.8902150026361744,0,1,0,0
2024-01-14 04:00:00,1981,36,19,0.28740959646557973,0,0,1,0
2024-01-14 05:00:00,1906,81,9,0.3677859877561529,0,0,1,0
2024-01-14 06:00:00,1510,69,23,0.058091952080349785,0,0,1,0
2024-01-14 07:00:00,1751,55,34,0.1115122123212764,0,0,1,0
2024-01-14 08:00:00,1143,98,25,0.5158619027123281,0,0,0,1
2024-01-14 09:00:00,1608,26,36,0.2675926767279715,0,1,0,0
2024-01-14 10:00:00,1200,62,37,0.8354802257421944,0,0,0,1
2024-01-14 11:00:00,1123,17,20,0.014693388654953843,0,0,0,1
2024-01-14 12:00:00,1186,88,39,0.3790940486719362,0,0,1,0
2024-01-14 13:00:00,1325,36,38,0.3373455467690927,0,0,0,0
2024-01-14 14:00:00,1463,55,20,0.019327630917601035,0,0,0,0
2024-01-14 15:00:00,1348,59,9,0.12436839900051022,1,0,0,1
2024-01-14 16:00:00,1770,80,37,0.41364267491863527,0,0,0,1
2024-01-14 17:00:00,1659,12,45,0.49286458444744663,0,0,1,0
2024-01-14 18:00:00,1763,73,3,0.4042897472548691,0,0,0,1
2024-01-14 19:00:00,1954,53,44,0.5309376784120938,0,0,1,0
2024-01-14 20:00:00,1931,62,19,0.5951316749056815,0,0,0,0
2024-01-14 21:00:00,1402,33,16,0.00992382112783563,0,0,0,0
2024-01-14 22:00:00,1345,69,6,0.4640951594535039,0,1,0,0
2024-01-14 23:00:00,1962,12,3,0.9634992408875883,0,0,0,0
2024-01-15 00:00:00,1510,29,28,0.5190322801295487,0,0,0,1
2024-01-15 01:00:00,1146,55,13,0.6775422674589532,1,0,0,0
2024-01-15 02:00:00,1147,24,2,0.3118638579168832,0,0,1,0
2024-01-15 03:00:00,1863,34,23,0.7739913781527625,1,0,0,0
2024-01-15 04:00:00,1710,87,36,0.7729214818761151,0,1,0,0
2024-01-15 05:00:00,1819,80,15,0.521296047654139,0,0,0,0
2024-01-15 06:00:00,1488,26,3,0.9760138232792136,0,0,1,0
2024-01-15 07:00:00,1928,93,23,0.12555021476265338,0,0,1,0
2024-01-15 08:00:00,1935,18,33,0.016947664889580993,0,0,0,1
2024-01-15 09:00:00,1639,47,29,0.770158211757096,1,0,0,0
2024-01-15 10:00:00,1550,57,17,0.8071555373648825,1,0,1,0
2024-01-15 11:00:00,1337,69,18,0.12020722912057624,0,1,0,0
2024-01-15 12:00:00,1871,72,30,0.2655828329586061,0,0,0,1
2024-01-15 13:00:00,1640,95,18,0.01755236336662891,0,1,0,0
2024-01-15 14:00:00,1778,11,48,0.2933086107805647,1,0,0,0
2024-01-15 15:00:00,1987,97,45,0.7731418739186715,0,0,0,0
2024-01-15 16:00:00,1952,81,18,0.5179605277125789,0,0,0,0
2024-01-15 17:00:00,1472,20,21,0.3480955931682881,0,0,0,1
2024-01-15 18:00:00,1945,73,23,0.3717392949063303,0,0,1,0
2024-01-15 19:00:00,1150,86,44,0.0013536257154681541,1,0,0,1
2024-01-15 20:00:00,1414,90,11,0.2998005275652359,0,1,0,0
2024-01-15 21:00:00,1989,81,29,0.6464587416379305,0,0,0,1
2024-01-15 22:00:00,1297,30,37,0.9741944438163571,0,1,0,0
2024-01-15 23:00:00,1610,27,30,0.8470608269838995,0,0,0,1
2024-01-16 00:00:00,1262,73,35,0.023594964645529126,0,0,1,0
2024-01-16 01:00:00,1763,91,18,0.8985606046748393,0,1,0,0
2024-01-16 02:00:00,1143,47,47,0.7831984132986259,0,0,0,0
2024-01-16 03:00:00,1345,41,44,0.7803761235709804,1,0,0,0
2024-01-16 04:00:00,1623,20,35,0.4579957590035715,0,0,0,1
2024-01-16 05:00:00,1571,54,29,0.3980052929545028,0,0,0,0
2024-01-16 06:00:00,1880,98,48,0.3029157288331926,1,1,0,0
2024-01-16 07:00:00,1001,42,32,0.06569485895436578,0,0,0,0
2024-01-16 08:00:00,1896,50,17,0.2282353634936991,0,0,1,0
2024-01-16 09:00:00,1303,17,48,0.24660363497802462,0,0,1,0
2024-01-16 10:00:00,1253,20,27,0.4840770697102016,0,0,0,1
2024-01-16 11:00:00,1651,95,46,0.747444406596694,0,1,0,0
2024-01-16 12:00:00,1452,60,10,0.4738098283979466,1,0,1,0
2024-01-16 13:00:00,1036,97,44,0.057844449447160606,0,0,1,0
2024-01-16 14:00:00,1159,50,32,0.9577898009882039,0,1,0,0
2024-01-16 15:00:00,1008,26,16,0.9427243190941123,0,0,0,0
2024-01-16 16:00:00,1232,85,5,0.7851895431484084,0,0,0,0
2024-01-16 17:00:00,1098,55,3,0.9913279015642206,0,0,0,1
2024-01-16 18:00:00,1658,41,19,0.5444823328002629,0,0,0,0
2024-01-16 19:00:00,1815,88,47,0.9627683502532061,0,1,0,0
2024-01-16 20:00:00,1207,89,46,0.07560504061675077,0,0,1,0
2024-01-16 21:00:00,1130,63,26,0.3656807482613713,1,0,0,0
2024-01-16 22:00:00,1403,95,14,0.22538126800676583,0,0,0,1
2024-01-16 23:00:00,1151,29,5,0.19583308413427003,0,0,0,0
2024-01-17 00:00:00,1053,42,46,0.14080294889267608,0,1,0,0
2024-01-17 01:00:00,1119,83,13,0.6224136415659967,0,0,0,1
2024-01-17 02:00:00,1672,49,10,0.7813218557473051,0,0,0,0
2024-01-17 03:00:00,1919,41,38,0.5782983994203607,0,0,0,1
2024-01-17 04:00:00,1627,11,8,0.14696270958820967,0,1,0,0
2024-01-17 05:00:00,1586,42,25,0.8111237699334709,0,0,1,0
2024-01-17 06:00:00,1624,86,15,0.6359547071637285,1,1,0,0
2024-01-17 07:00:00,1967,39,4,0.3881657061269955,1,1,0,0
2024-01-17 08:00:00,1419,42,9,0.674130295536063,1,1,0,0
2024-01-17 09:00:00,1421,86,49,0.25990497924283285,0,1,0,0
2024-01-17 10:00:00,1103,35,2,0.3451922084942105,0,0,1,0
2024-01-17 11:00:00,1851,31,12,0.9174858431319902,0,0,1,0
2024-01-17 12:00:00,1253,75,42,0.2905045056714204,0,0,0,1
2024-01-17 13:00:00,1226,47,48,0.4699882681579366,0,0,0,0
2024-01-17 14:00:00,1111,99,29,0.8901411373960146,0,0,1,0
2024-01-17 15:00:00,1509,55,44,0.7077213502675275,0,0,1,0
2024-01-17 16:00:00,1472,24,5,0.06220322616470275,0,0,0,0
2024-01-17 17:00:00,1098,53,16,0.14730304427897034,0,0,1,0
2024-01-17 18:00:00,1152,58,44,0.007841590771916818,0,1,0,0
2024-01-17 19:00:00,1860,84,18,0.6309217902291634,0,1,0,0
2024-01-17 20:00:00,1913,70,41,0.4476734254104183,0,0,0,0
2024-01-17 21:00:00,1895,76,34,0.13427485090227553,0,0,0,1
2024-01-17 22:00:00,1877,15,45,0.9579341210567704,0,0,0,1
2024-01-17 23:00:00,1337,18,25,0.5296597239456199,0,0,0,0
2024-01-18 00:00:00,1705,15,4,0.24189329411288918,0,0,0,0
2024-01-18 01:00:00,1821,82,28,0.5006035711547075,0,1,0,0
2024-01-18 02:00:00,1162,41,36,0.6796203327351078,0,0,0,1
2024-01-18 03:00:00,1719,50,19,0.07623921797356448,0,0,1,0
2024-01-18 04:00:00,1956,85,48,0.274703815047892,1,1,0,0
2024-01-18 05:00:00,1680,17,20,0.8069654908839936,0,0,0,0
2024-01-18 06:00:00,1995,81,9,0.45966487040266124,0,0,0,1
2024-01-18 07:00:00,1160,59,4,0.5465771420322949,0,0,1,0
2024-01-18 08:00:00,1579,71,35,0.43281600220946925,1,0,1,0
2024-01-18 09:00:00,1800,93,5,0.04389994264300512,0,1,0,0
2024-01-18 10:00:00,1397,71,25,0.16574977982015593,0,0,0,1
2024-01-18 11:00:00,1276,16,3,0.4455416387418909,0,0,0,1
2024-01-18 12:00:00,1815,84,38,0.20918546540792782,1,0,0,0
2024-01-18 13:00:00,1915,93,38,0.04997902865967874,0,0,0,1
2024-01-18 14:00:00,1503,89,49,0.8436496640518237,0,0,0,1
2024-01-18 15:00:00,1895,13,34,0.9811925291641158,0,1,0,0
2024-01-18 16:00:00,1391,15,0,0.7931428739967394,0,0,0,1
2024-01-18 17:00:00,1134,67,23,0.853784921704667,0,0,1,0
2024-01-18 18:00:00,1194,31,35,0.24197713031704537,0,1,0,0
2024-01-18 19:00:00,1400,35,5,0.9606269755131998,0,1,0,0
2024-01-18 20:00:00,1639,12,40,0.19692570445342839,0,0,0,0
2024-01-18 21:00:00,1032,50,45,0.9514298103618323,0,0,0,1
2024-01-18 22:00:00,1687,69,43,0.994819293965951,1,0,0,0
2024-01-18 23:00:00,1459,23,30,0.7117228057460487,0,0,1,0
2024-01-19 00:00:00,1954,84,19,0.9811437317918219,0,1,0,0
2024-01-19 01:00:00,1882,91,23,0.5695397795671037,0,1,0,0
2024-01-19 02:00:00,1469,21,24,0.25954178317609033,0,1,0,0
2024-01-19 03:00:00,1374,96,35,0.43699588566562086,0,0,1,0
2024-01-19 04:00:00,1021,21,20,0.593560935378786,0,0,1,0
2024-01-19 05:00:00,1749,22,29,0.07308156202701499,0,0,0,0
2024-01-19 06:00:00,1669,34,23,0.6223432646172461,0,0,0,0
2024-01-19 07:00:00,1037,54,43,0.9811778367622945,0,0,0,0
2024-01-19 08:00:00,1229,28,41,0.19010764978372763,0,0,0,1
2024-01-19 09:00:00,1364,64,29,0.7925951162883833,0,1,0,0
2024-01-19 10:00:00,1562,54,21,0.9078987937796194,1,1,0,0
2024-01-19 11:00:00,1437,17,27,0.9437015928202208,0,0,0,0
2024-01-19 12:00:00,1775,62,6,0.9601356044054472,1,1,0,0
2024-01-19 13:00:00,1282,64,34,0.5214596387214719,0,0,0,0
2024-01-19 14:00:00,1026,41,27,0.9773079079915037,1,0,0,1
2024-01-19 15:00:00,1225,60,13,0.7573102071344389,0,0,0,1
2024-01-19 16:00:00,1276,53,9,0.1616714362369619,0,0,1,0
2024-01-19 17:00:00,1797,91,15,0.47690010646797,0,0,0,1
2024-01-19 18:00:00,1608,79,15,0.718331175372004,0,0,0,0
2024-01-19 19:00:00,1283,27,30,0.24734031581908333,0,0,0,1
2024-01-19 20:00:00,1878,92,41,0.6406151835488874,0,0,1,0
2024-01-19 21:00:00,1959,31,24,0.6666004790466192,0,1,0,0
2024-01-19 22:00:00,1480,46,12,0.1626997438085659,0,0,0,0
2024-01-19 23:00:00,1452,65,5,0.5650853124527563,0,1,0,0
2024-01-20 00:00:00,1828,68,43,0.7716269109786077,0,0,1,0
2024-01-20 01:00:00,1815,12,8,0.4988956645359419,0,0,1,0
2024-01-20 02:00:00,1658,37,44,0.012103116776107425,0,0,1,0
2024-01-20 03:00:00,1515,83,35,0.009038469079292177,0,1,0,0
2024-01-20 04:00:00,1546,44,42,0.3570293439700122,0,1,0,0
2024-01-20 05:00:00,1191,70,19,0.926194068431782,0,1,0,0
2024-01-20 06:00:00,1048,63,17,0.22867677960360877,0,1,0,0
2024-01-20 07:00:00,1511,72,42,0.6343636888716871,0,0,1,0
2024-01-20 08:00:00,1016,88,20,0.22207587069332058,0,0,1,0
2024-01-20 09:00:00,1171,16,3,0.3216699896595486,0,0,0,0
2024-01-20 10:00:00,1219,85,49,0.848042089601484,0,0,0,0
2024-01-20 11:00:00,1157,58,32,0.7288614422699469,0,1,0,0
2024-01-20 12:00:00,1476,94,26,0.09539927731321063,0,0,0,1
2024-01-20 13:00:00,1045,40,6,0.4287020209864336,0,0,0,1
2024-01-20 14:00:00,1372,67,5,0.029169763645264468,0,0,1,0
2024-01-20 15:00:00,1517,70,14,0.480890146603009,0,0,1,0
2024-01-20 16:00:00,1098,33,17,0.6624340117010681,0,0,1,0
2024-01-20 17:00:00,1891,29,31,0.11850262359815156,0,0,0,0
2024-01-20 18:00:00,1744,46,10,0.28888493890916567,0,0,0,0
2024-01-20 19:00:00,1036,13,19,0.3978366255021569,0,0,1,0
2024-01-20 20:00:00,1279,29,23,0.9195310246560497,0,0,1,0
2024-01-20 21:00:00,1348,69,14,0.993255015422964,1,0,1,0
2024-01-20 22:00:00,1496,33,47,0.044911298995615856,0,0,0,1
2024-01-20 23:00:00,1301,59,6,0.761007923495392,1,0,0,0
2024-01-21 00:00:00,1180,58,20,0.37172406640234323,0,0,0,1
2024-01-21 01:00:00,1606,60,41,0.39245818622948003,0,0,0,1
2024-01-21 02:00:00,1098,45,25,0.7542649733470227,0,0,1,0
2024-01-21 03:00:00,1699,75,43,0.9184264321454086,0,0,1,0
2024-01-21 04:00:00,1992,88,13,0.9509285945025484,0,1,0,0
2024-01-21 05:00:00,1115,43,36,0.5771225860383208,0,1,0,0
2024-01-21 06:00:00,1190,45,20,0.3571211593005028,0,0,0,1
2024-01-21 07:00:00,1252,15,17,0.7875490858587793,1,0,0,0
2024-01-21 08:00:00,1980,48,4,0.25100138326230026,0,0,1,0
2024-01-21 09:00:00,1927,51,2,0.5640740288335178,0,0,1,0
2024-01-21 10:00:00,1982,67,22,0.35857846152487316,0,0,0,1
2024-01-21 11:00:00,1160,21,25,0.6566310737078761,0,1,0,0
2024-01-21 12:00:00,1255,12,36,0.2403989128935069,0,0,0,0
2024-01-21 13:00:00,1322,27,23,0.19159294573482577,0,1,0,0
2024-01-21 14:00:00,1127,49,48,0.9182390866754371,1,1,0,0
2024-01-21 15:00:00,1017,30,18,0.1018036829495369,0,1,0,0
2024-01-21 16:00:00,1792,24,24,0.5059579077349317,0,1,0,0
2024-01-21 17:00:00,1734,35,20,0.22085278296300892,0,0,1,0
2024-01-21 18:00:00,1565,17,11,0.03892996332566745,0,0,1,0
2024-01-21 19:00:00,1569,96,40,0.03601881829142639,0,1,0,0
2024-01-21 20:00:00,1322,51,32,0.17522177210582734,0,0,0,0
2024-01-21 21:00:00,1871,53,49,0.8667703545060003,0,0,0,1
2024-01-21 22:00:00,1685,23,3,0.28247874397702666,0,0,0,0
2024-01-21 23:00:00,1791,87,41,0.9504591705752957,0,0,0,0
2024-01-22 00:00:00,1625,11,6,0.5816222929891935,0,0,0,0
2024-01-22 01:00:00,1287,46,21,0.4366141897687661,0,1,0,0
2024-01-22 02:00:00,1942,78,32,0.5800888346694546,0,0,1,0
2024-01-22 03:00:00,1853,47,16,0.5166983852262678,0,0,0,0
2024-01-22 04:00:00,1662,50,23,0.7587762537573252,0,1,0,0
2024-01-22 05:00:00,1961,71,33,0.28249606597285226,0,0,0,0
2024-01-22 06:00:00,1638,69,27,0.3530503916003024,0,0,0,0
2024-01-22 07:00:00,1154,23,42,0.8940943025332507,0,1,0,0
2024-01-22 08:00:00,1489,98,40,0.9464565131504055,0,0,1,0
2024-01-22 09:00:00,1385,93,38,0.8925582274864745,0,0,1,0
2024-01-22 10:00:00,1985,11,21,0.4194479939573136,0,0,0,1
2024-01-22 11:00:00,1784,79,48,0.7803655030068817,0,1,0,0
2024-01-22 12:00:00,1103,26,16,0.4763357333010988,0,0,0,1
2024-01-22 13:00:00,1928,98,33,0.4975398521461022,0,0,0,1
2024-01-22 14:00:00,1392,37,5,0.20468010905728395,1,0,0,1
2024-01-22 15:00:00,1810,75,45,0.5911303032585165,0,0,1,0
2024-01-22 16:00:00,1245,44,5,0.18613589775334793,0,1,0,0
2024-01-22 17:00:00,1175,14,33,0.33156469906719377,0,0,0,1
2024-01-22 18:00:00,1038,74,0,0.8550302016199351,0,1,0,0
2024-01-22 19:00:00,1476,49,9,0.20707580921085522,1,1,0,0
2024-01-22 20:00:00,1681,85,20,0.07115828517343281,0,0,1,0
2024-01-22 21:00:00,1758,65,4,0.0690075926128163,1,0,0,1
2024-01-22 22:00:00,1537,45,1,0.9407845205031079,1,0,0,1
2024-01-22 23:00:00,1866,54,21,0.5069204379618346,1,1,0,0
2024-01-23 00:00:00,1817,32,47,0.40941207181701833,0,0,0,0
2024-01-23 01:00:00,1920,56,1,0.8108785810079184,0,0,1,0
2024-01-23 02:00:00,1407,40,9,0.835825927910516,0,0,1,0
2024-01-23 03:00:00,1524,20,33,0.3321910331156046,0,0,1,0
2024-01-23 04:00:00,1827,19,15,0.6936180574737952,0,0,1,0
2024-01-23 05:00:00,1505,76,47,0.7711228158518866,0,0,0,1
2024-01-23 06:00:00,1902,23,38,0.6546506868659545,0,0,0,1
2024-01-23 07:00:00,1824,89,21,0.15159507480009937,0,0,0,0
2024-01-23 08:00:00,1035,83,11,0.875883083517057,0,0,1,0
2024-01-23 09:00:00,1684,19,23,0.5390945527360087,0,0,1,0
2024-01-23 10:00:00,1019,85,46,0.2824724263700037,0,1,0,0
2024-01-23 11:00:00,1320,10,39,0.4252281854376939,0,0,0,1
2024-01-23 12:00:00,1775,14,37,0.03757109039890738,0,0,1,0
2024-01-23 13:00:00,1511,29,9,0.12786680122241756,0,0,0,0
2024-01-23 14:00:00,1399,17,34,0.7655467505158609,0,0,0,0
2024-01-23 15:00:00,1653,52,48,1.1634755366141114e-05,1,0,0,1
2024-01-23 16:00:00,1971,85,31,0.4165658284822922,0,0,0,0
2024-01-23 17:00:00,1882,10,6,0.5225101810855884,0,0,0,0
2024-01-23 18:00:00,1470,66,20,0.054634420000972295,0,0,0,1
2024-01-23 19:00:00,1142,73,19,0.9730781629723328,0,0,1,0
2024-01-23 20:00:00,1091,93,25,0.22612533124967193,0,0,1,0
2024-01-23 21:00:00,1353,37,3,0.30419871963628087,0,0,0,0
2024-01-23 22:00:00,1833,46,45,0.30394251225502733,0,0,0,0
2024-01-23 23:00:00,1799,56,21,0.2304166621173499,0,0,1,0
2024-01-24 00:00:00,1726,85,14,0.001473822086311416,0,0,0,1
2024-01-24 01:00:00,1958,46,39,0.7293447940879964,0,0,0,0
2024-01-24 02:00:00,1853,58,20,0.9668454997992854,1,1,0,0
2024-01-24 03:00:00,1050,53,14,0.22429348328504506,1,0,0,1
2024-01-24 04:00:00,1664,65,21,0.6630471918034224,0,0,0,0
2024-01-24 05:00:00,1697,37,27,0.7418963269587151,0,0,0,0
2024-01-24 06:00:00,1574,88,13,0.8484253790905247,0,1,0,0
2024-01-24 07:00:00,1189,15,26,0.4226291970136091,0,1,0,0
2024-01-24 08:00:00,1124,70,40,0.30293090564042924,0,0,1,0
2024-01-24 09:00:00,1149,29,39,0.3252951340230311,1,0,0,1
2024-01-24 10:00:00,1313,87,27,0.7126213330985128,0,0,0,1
2024-01-24 11:00:00,1569,11,25,0.816779466505636,0,0,1,0
2024-01-24 12:00:00,1341,82,48,0.18161396775660266,0,0,0,1
2024-01-24 13:00:00,1304,46,1,0.3709410081577652,1,0,0,1
2024-01-24 14:00:00,1691,29,24,0.90194019674915,0,0,0,1
2024-01-24 15:00:00,1681,35,2,0.8066935196947392,0,0,0,1
2024-01-24 16:00:00,1837,38,7,0.9848584027624758,0,0,0,1
2024-01-24 17:00:00,1782,10,43,0.7542482596820808,0,1,0,0
2024-01-24 18:00:00,1053,44,32,0.39319520102792227,0,0,0,1
2024-01-24 19:00:00,1443,79,41,0.5906378339946378,1,1,0,0
2024-01-24 20:00:00,1612,68,34,0.6610142542473203,0,0,0,1
2024-01-24 21:00:00,1992,78,5,0.07845581631712395,0,0,1,0
2024-01-24 22:00:00,1263,42,38,0.5444969591038651,0,0,0,0
2024-01-24 23:00:00,1052,60,22,0.7093208284726096,0,1,0,0
2024-01-25 00:00:00,1571,87,24,0.16732130400106038,0,0,0,1
2024-01-25 01:00:00,1619,21,49,0.7806317174255571,0,0,1,0
2024-01-25 02:00:00,1004,29,42,0.5837727805141116,0,0,0,0
2024-01-25 03:00:00,1102,62,18,0.9522217856975946,0,1,0,0
2024-01-25 04:00:00,1195,97,4,0.042422298206891695,0,0,0,0
2024-01-25 05:00:00,1773,52,10,0.26532613755546697,0,0,1,0
2024-01-25 06:00:00,1876,98,11,0.6015538792998241,1,1,0,0
2024-01-25 07:00:00,1991,59,9,0.2965599122059307,0,0,0,0
2024-01-25 08:00:00,1883,38,7,0.7144241640712422,0,0,0,1
2024-01-25 09:00:00,1349,66,23,0.759005282521931,0,1,0,0
2024-01-25 10:00:00,1046,48,27,0.10251596406647445,0,0,0,0
2024-01-25 11:00:00,1866,65,40,0.5138544642067677,0,0,1,0
2024-01-25 12:00:00,1822,52,35,0.5088905555910559,0,0,1,0
2024-01-25 13:00:00,1935,59,36,0.36928077021554107,0,1,0,0
2024-01-25 14:00:00,1819,32,20,0.9329248625696721,0,0,0,0
2024-01-25 15:00:00,1655,53,7,0.8275063198732212,0,1,0,0
2024-01-25 16:00:00,1268,47,8,0.6972093819096368,0,1,0,0
2024-01-25 17:00:00,1369,93,46,0.7143266357349976,1,0,0,0
2024-01-25 18:00:00,1635,32,14,0.4617161438131191,0,0,0,0
2024-01-25 19:00:00,1105,54,47,0.9209945210965759,0,0,0,1
2024-01-25 20:00:00,1669,61,45,0.6945954272532854,1,0,0,0
2024-01-25 21:00:00,1658,89,39,0.7289810616558164,1,0,1,0
2024-01-25 22:00:00,1656,59,17,0.8616909037873453,0,1,0,0
2024-01-25 23:00:00,1119,17,41,0.274071589342191,0,1,0,0
2024-01-26 00:00:00,1830,94,19,0.807070903866703,0,0,1,0
2024-01-26 01:00:00,1786,10,5,0.19524060295649204,0,0,0,0
2024-01-26 02:00:00,1603,17,11,0.34534195224488784,0,0,1,0
2024-01-26 03:00:00,1057,38,1,0.3356104542698427,0,0,1,0
2024-01-26 04:00:00,1950,14,6,0.9785254683891406,0,0,0,1
2024-01-26 05:00:00,1345,95,15,0.8565372237479268,0,0,1,0
2024-01-26 06:00:00,1740,56,2,0.7011698615902597,0,1,0,0
2024-01-26 07:00:00,1473,43,44,0.7270567616153901,0,0,1,0
2024-01-26 08:00:00,1116,74,2,0.5620727944025711,0,1,0,0
2024-01-26 09:00:00,1829,64,26,0.9470906671085191,0,1,0,0
2024-01-26 10:00:00,1790,99,49,0.49625875288236154,0,1,0,0
2024-01-26 11:00:00,1126,52,42,0.3805177098698945,1,0,0,0
2024-01-26 12:00:00,1392,83,39,0.163035336931591,0,0,0,1
2024-01-26 13:00:00,1907,39,37,0.786205652261058,0,1,0,0
2024-01-26 14:00:00,1640,91,32,0.7344439320755914,0,1,0,0
2024-01-26 15:00:00,1057,26,27,0.3843550385241349,0,0,0,0
2024-01-26 16:00:00,1633,35,0,0.02519341395922936,1,1,0,0
2024-01-26 17:00:00,1512,17,7,0.8389973277180107,0,0,1,0
2024-01-26 18:00:00,1750,56,36,0.011417983454073632,0,0,1,0
2024-01-26 19:00:00,1801,85,31,0.703699779629051,0,0,0,1
2024-01-26 20:00:00,1095,81,47,0.970257109726057,0,1,0,0
2024-01-26 21:00:00,1637,98,42,0.43766132814820347,0,0,0,0
2024-01-26 22:00:00,1117,55,36,0.23497340499595276,0,0,1,0
2024-01-26 23:00:00,1559,77,3,0.7048710100433817,0,0,0,0
2024-01-27 00:00:00,1600,42,29,0.8171281420155851,0,0,0,0
2024-01-27 01:00:00,1487,10,5,0.5464303160778473,0,0,1,0
2024-01-27 02:00:00,1236,28,45,0.9670352752561462,1,0,0,0
2024-01-27 03:00:00,1884,40,18,0.0516687216579611,0,0,1,0
2024-01-27 04:00:00,1896,89,31,0.5047955983045281,0,0,0,0
2024-01-27 05:00:00,1271,23,8,0.7184539473225501,0,0,1,0
2024-01-27 06:00:00,1188,62,11,0.862640471149179,1,1,0,0
2024-01-27 07:00:00,1998,57,10,0.17925561190779005,0,0,0,1
2024-01-27 08:00:00,1703,78,45,0.8000034817636814,0,0,1,0
2024-01-27 09:00:00,1446,99,15,0.5527070757185453,0,0,1,0
2024-01-27 10:00:00,1580,71,0,0.3965536819899632,0,0,0,1
2024-01-27 11:00:00,1789,75,44,0.13171502857909356,0,0,1,0
2024-01-27 12:00:00,1860,73,20,0.8652957589089124,0,0,1,0
2024-01-27 13:00:00,1246,79,29,0.15727320817971535,0,0,0,0
2024-01-27 14:00:00,1962,72,12,0.30978785920909924,0,0,0,1
2024-01-27 15:00:00,1075,82,33,0.2900455319624369,0,1,0,0
2024-01-27 16:00:00,1153,42,3,0.8714140341908543,0,0,1,0
2024-01-27 17:00:00,1655,50,27,0.672702994208898,0,0,0,1
2024-01-27 18:00:00,1434,98,37,0.7966813971913723,0,0,0,0
2024-01-27 19:00:00,1996,57,30,0.250467898792499,0,1,0,0
2024-01-27 20:00:00,1085,22,26,0.6248740996069989,0,0,0,1
2024-01-27 21:00:00,1696,82,4,0.5717459831437487,0,1,0,0
2024-01-27 22:00:00,1284,86,24,0.8328303767882711,0,1,0,0
2024-01-27 23:00:00,1973,40,2,0.9060870604812605,0,1,0,0
2024-01-28 00:00:00,1219,84,32,0.012156771477386807,0,0,1,0
2024-01-28 01:00:00,1068,77,3,0.6740199190587927,0,0,1,0
2024-01-28 02:00:00,1046,13,24,0.05183579911972902,0,0,0,0
2024-01-28 03:00:00,1093,28,19,0.5488586650773559,0,0,0,0
2024-01-28 04:00:00,1749,79,33,0.2876327290436782,0,0,0,1
2024-01-28 05:00:00,1957,91,25,0.3067765995221412,0,0,0,0
2024-01-28 06:00:00,1452,22,4,0.3529585034523566,0,1,0,0
2024-01-28 07:00:00,1203,32,34,0.6212924490496101,0,1,0,0
2024-01-28 08:00:00,1911,92,27,0.3340499656687692,0,0,1,0
2024-01-28 09:00:00,1217,84,28,0.7326990505902804,1,1,0,0
2024-01-28 10:00:00,1473,10,8,0.4045273855738697,1,0,0,1
2024-01-28 11:00:00,1431,97,37,0.06835320030995862,0,1,0,0
2024-01-28 12:00:00,1340,63,49,0.7837598424841072,0,1,0,0
2024-01-28 13:00:00,1550,80,5,0.285758324592706,0,0,0,1
2024-01-28 14:00:00,1611,98,18,0.43276687959926263,0,0,0,0
2024-01-28 15:00:00,1288,94,43,0.6854438832219015,0,0,0,0
2024-01-28 16:00:00,1253,24,10,0.332456157148712,0,0,0,1
2024-01-28 17:00:00,1733,74,1,0.056585656146715624,0,0,1,0
2024-01-28 18:00:00,1356,85,46,0.3739210470128136,0,1,0,0
2024-01-28 19:00:00,1022,80,43,0.9444485826943034,0,0,0,1
2024-01-28 20:00:00,1761,24,43,0.6417343972985582,0,1,0,0
2024-01-28 21:00:00,1521,30,8,0.6714791486672069,0,0,1,0
2024-01-28 22:00:00,1757,28,20,0.6322821536376398,0,1,0,0
2024-01-28 23:00:00,1836,69,23,0.1989921389594368,0,0,0,1
2024-01-29 00:00:00,1099,98,33,0.41833386410228013,0,1,0,0
2024-01-29 01:00:00,1801,42,21,0.7509397983633183,0,0,0,0
2024-01-29 02:00:00,1179,58,2,0.10137289755315915,1,0,1,0
2024-01-29 03:00:00,1222,44,11,0.27785277608971226,0,0,1,0
2024-01-29 04:00:00,1905,53,27,0.2763191084658536,1,0,1,0
2024-01-29 05:00:00,1761,99,29,0.432018927594506,1,0,0,1
2024-01-29 06:00:00,1658,20,25,0.9803687409421851,0,0,1,0
2024-01-29 07:00:00,1441,81,47,0.06750254668382194,0,0,0,0
2024-01-29 08:00:00,1607,87,20,0.518700994380595,0,0,0,1
2024-01-29 09:00:00,1768,83,27,0.17936468201221045,1,0,0,0
2024-01-29 10:00:00,1324,75,25,0.9706765454097441,0,1,0,0
2024-01-29 11:00:00,1515,55,32,0.1133035047274642,0,1,0,0
2024-01-29 12:00:00,1015,18,20,0.40360100236159124,0,1,0,0
2024-01-29 13:00:00,1791,12,34,0.7378849848346062,0,1,0,0
2024-01-29 14:00:00,1335,94,33,0.7045544280274453,0,0,0,0
2024-01-29 15:00:00,1758,35,40,0.42272863689393225,0,0,0,1
2024-01-29 16:00:00,1257,81,46,0.34652416795271823,0,0,0,1
2024-01-29 17:00:00,1496,57,17,0.39761237855287057,1,0,1,0
2024-01-29 18:00:00,1987,75,10,0.2642762631586393,0,0,0,0
2024-01-29 19:00:00,1895,79,22,0.2053329387067998,1,1,0,0
2024-01-29 20:00:00,1159,37,47,0.48303969755889,0,0,0,0
2024-01-29 21:00:00,1474,35,21,0.2685337560676073,0,0,1,0
2024-01-29 22:00:00,1851,34,16,0.2874616648972501,0,0,1,0
2024-01-29 23:00:00,1663,21,4,0.6567560634745571,0,0,0,0
2024-01-30 00:00:00,1907,14,43,0.9685373316998922,0,0,0,0
2024-01-30 01:00:00,1689,57,10,0.6036372005593751,0,0,0,0
2024-01-30 02:00:00,1674,46,29,0.07697946706496628,0,0,0,1
2024-01-30 03:00:00,1379,88,14,0.07558361385406698,1,1,0,0
2024-01-30 04:00:00,1544,53,26,0.951423220845566,1,0,0,0
2024-01-30 05:00:00,1928,24,34,0.29729079030733363,0,0,0,0
2024-01-30 06:00:00,1956,52,32,0.09206698608247543,0,0,0,0
2024-01-30 07:00:00,1690,57,19,0.5990445871503816,0,0,1,0
2024-01-30 08:00:00,1426,96,15,0.6236487782902661,0,0,1,0
2024-01-30 09:00:00,1612,79,33,0.6485048201186882,1,0,0,1
2024-01-30 10:00:00,1267,55,1,0.2674020278575413,0,1,0,0
2024-01-30 11:00:00,1834,52,34,0.015110684214475034,0,0,0,1
2024-01-30 12:00:00,1576,30,39,0.9650153694544719,1,1,0,0
2024-01-30 13:00:00,1416,32,27,0.2508930456911025,0,0,1,0
2024-01-30 14:00:00,1167,89,46,0.6760262880525475,0,0,1,0
2024-01-30 15:00:00,1841,56,38,0.7066298698787096,0,0,1,0
2024-01-30 16:00:00,1042,24,5,0.6100074170794857,0,0,0,1
2024-01-30 17:00:00,1555,34,8,0.3129073942136482,0,0,0,0
2024-01-30 18:00:00,1284,45,19,0.27109625376406576,0,0,0,0
2024-01-30 19:00:00,1396,84,0,0.5976682827027031,0,0,1,0
2024-01-30 20:00:00,1011,60,7,0.8660956336116915,0,0,0,0
2024-01-30 21:00:00,1606,24,22,0.9467337289233956,0,0,0,0
2024-01-30 22:00:00,1301,77,2,0.10590580440375763,0,0,0,1
2024-01-30 23:00:00,1897,30,3,0.15482861259771985,0,1,0,0
2024-01-31 00:00:00,1252,22,24,0.9447362587830797,0,0,1,0
2024-01-31 01:00:00,1498,95,46,0.7365352283347926,0,0,1,0
2024-01-31 02:00:00,1753,28,37,0.8829938248297731,0,0,0,1
2024-01-31 03:00:00,1034,43,14,0.20263263413534316,0,0,0,1
2024-01-31 04:00:00,1726,87,20,0.5875858711094019,0,0,0,0
2024-01-31 05:00:00,1848,77,34,0.7011395944174736,0,0,1,0
2024-01-31 06:00:00,1089,61,45,0.6801118854469727,0,1,0,0
2024-01-31 07:00:00,1775,36,13,0.4081516908666981,0,0,0,1
2024-01-31 08:00:00,1604,38,35,0.015394891691308477,0,1,0,0
2024-01-31 09:00:00,1921,37,11,0.5829260568042631,0,1,0,0
2024-01-31 10:00:00,1969,44,16,0.25310153917960876,0,0,1,0
2024-01-31 11:00:00,1601,17,38,0.45025424614289034,0,0,1,0
2024-01-31 12:00:00,1417,25,8,0.9575810150838173,0,0,0,1
2024-01-31 13:00:00,1114,45,34,0.3990353176424347,0,0,1,0
2024-01-31 14:00:00,1616,39,12,0.8398016066644267,1,0,1,0
2024-01-31 15:00:00,1902,27,14,0.18854060574925113,0,0,1,0
2024-01-31 16:00:00,1195,11,17,0.6724604980250288,0,1,0,0
2024-01-31 17:00:00,1825,58,32,0.9770069544389435,0,0,0,1
2024-01-31 18:00:00,1500,86,5,0.10189310087293679,0,0,0,0
2024-01-31 19:00:00,1625,13,26,0.008319942227192012,0,1,0,0
2024-01-31 20:00:00,1492,99,22,0.43358279263261434,0,0,1,0
2024-01-31 21:00:00,1074,98,26,0.0926254830513672,0,1,0,0
2024-01-31 22:00:00,1412,84,33,0.7483843496762314,0,0,1,0
2024-01-31 23:00:00,1375,16,45,0.9145486638485589,0,0,1,0
2024-02-01 00:00:00,1419,83,37,0.43402097270875883,0,1,0,0
2024-02-01 01:00:00,1728,48,13,0.25871164215544096,0,0,0,1
2024-02-01 02:00:00,1276,22,35,0.4344033190066098,0,0,1,0
2024-02-01 03:00:00,1760,40,7,0.723447817850001,1,0,0,1
2024-02-01 04:00:00,1675,80,34,0.009054161580370979,0,0,0,0
2024-02-01 05:00:00,1393,72,18,0.5894539894846972,1,0,1,0
2024-02-01 06:00:00,1868,65,29,0.6132916848873791,0,0,0,1
2024-02-01 07:00:00,1456,51,13,0.6376882468959355,0,0,0,1
2024-02-01 08:00:00,1919,70,19,0.2420220799808772,0,0,0,0
2024-02-01 09:00:00,1191,51,48,0.7140527233781268,0,0,0,1
2024-02-01 10:00:00,1738,65,24,0.0913914863317764,0,0,0,1
2024-02-01 11:00:00,1688,45,39,0.1992703364668008,0,0,0,0
2024-02-01 12:00:00,1098,93,23,0.8774700466544819,0,0,1,0
2024-02-01 13:00:00,1547,77,13,0.7387231507265664,1,0,0,1
2024-02-01 14:00:00,1977,16,25,0.013745554011345251,0,0,0,1
2024-02-01 15:00:00,1998,63,37,0.2483762603698002,0,0,0,1
2024-02-01 16:00:00,1095,10,22,0.21440648299316456,0,1,0,0
2024-02-01 17:00:00,1663,53,21,0.2708063280369726,0,0,0,0
2024-02-01 18:00:00,1662,54,47,0.2475597702798864,0,1,0,0
2024-02-01 19:00:00,1189,56,18,0.06252629574284574,0,0,0,0
2024-02-01 20:00:00,1735,22,45,0.45894051659682034,1,0,1,0
2024-02-01 21:00:00,1036,31,2,0.7327334747861651,0,0,1,0
2024-02-01 22:00:00,1779,30,41,0.6067317247174364,0,0,0,1
2024-02-01 23:00:00,1368,95,18,0.6728716685980798,0,0,0,0
2024-02-02 00:00:00,1694,18,8,0.08114917853623915,1,0,1,0
2024-02-02 01:00:00,1524,35,27,0.9514907101767872,0,0,0,0
2024-02-02 02:00:00,1278,18,19,0.8384918338430248,0,0,1,0
2024-02-02 03:00:00,1216,24,44,0.8050903184956627,0,1,0,0
2024-02-02 04:00:00,1866,19,6,0.8229838050417675,0,0,1,0
2024-02-02 05:00:00,1872,97,13,0.9327105081327614,0,1,0,0
2024-02-02 06:00:00,1797,51,8,0.5442539661136977,0,0,1,0
2024-02-02 07:00:00,1272,81,18,0.2002820178676259,0,0,0,1
2024-02-02 08:00:00,1880,33,46,0.6167836078525412,0,1,0,0
2024-02-02 09:00:00,1061,89,13,0.742881493667939,0,0,1,0
2024-02-02 10:00:00,1595,58,37,0.7379173933540254,0,0,0,1
2024-02-02 11:00:00,1879,35,35,0.5214490241668801,0,1,0,0
2024-02-02 12:00:00,1728,46,39,0.06845871933357806,0,0,0,1
2024-02-02 13:00:00,1341,77,16,0.3711129384301278,0,0,0,0
2024-02-02 14:00:00,1396,59,29,0.9207666084633573,0,0,0,0
2024-02-02 15:00:00,1698,33,8,0.584448909757426,0,1,0,0
2024-02-02 16:00:00,1018,28,32,0.5383319432557134,0,0,1,0
2024-02-02 17:00:00,1176,69,24,0.2688535143821935,1,1,0,0
2024-02-02 18:00:00,1611,48,13,0.3684489199165789,0,0,0,1
2024-02-02 19:00:00,1395,83,10,0.8953460891531693,0,0,1,0
2024-02-02 20:00:00,1444,98,34,0.6664630475268357,0,0,0,0
2024-02-02 21:00:00,1232,27,40,0.7873870267523329,0,0,1,0
2024-02-02 22:00:00,1914,28,13,0.45434542306765513,0,0,0,0
2024-02-02 23:00:00,1075,45,29,0.6302472194561579,0,0,1,0
2024-02-03 00:00:00,1264,83,40,0.24838360874320753,0,0,1,0
2024-02-03 01:00:00,1454,64,3,0.7054608302834863,0,0,1,0
2024-02-03 02:00:00,1795,78,3,0.4276013337033373,0,0,0,1
2024-02-03 03:00:00,1717,56,27,0.4425455148147456,0,0,0,1
2024-02-03 04:00:00,1734,58,7,0.6493223245768817,0,1,0,0
2024-02-03 05:00:00,1383,42,1,0.9362806214689267,0,1,0,0
2024-02-03 06:00:00,1563,30,40,0.06400634660862092,1,0,0,0
2024-02-03 07:00:00,1850,90,45,0.8247432373470076,1,0,0,1
2024-02-03 08:00:00,1505,31,21,0.2923831104121931,0,0,0,0
2024-02-03 09:00:00,1366,57,40,0.4439194545063778,0,1,0,0
2024-02-03 10:00:00,1143,46,15,0.021913328775008956,0,0,0,0
2024-02-03 11:00:00,1884,24,28,0.30104607783431303,0,1,0,0
2024-02-03 12:00:00,1068,44,48,0.5026312426301305,0,0,0,1
2024-02-03 13:00:00,1098,80,47,0.05617607734743901,0,0,1,0
2024-02-03 14:00:00,1395,41,29,0.49109572938316515,0,0,0,1
2024-02-03 15:00:00,1024,20,11,0.9271106288584273,0,0,0,0
2024-02-03 16:00:00,1947,19,34,0.10539321810780522,0,0,0,0
2024-02-03 17:00:00,1890,82,10,0.7644407280755043,0,0,0,1
2024-02-03 18:00:00,1468,87,45,0.40967105337599263,0,0,0,1
2024-02-03 19:00:00,1483,86,49,0.655173714524338,0,1,0,0
2024-02-03 20:00:00,1564,66,20,0.26023659798522936,1,0,0,0
2024-02-03 21:00:00,1150,34,20,0.1594922625413583,0,0,0,0
2024-02-03 22:00:00,1143,11,4,0.16046261427122643,0,0,0,1
2024-02-03 23:00:00,1568,73,47,0.07049194564314465,1,0,1,0
2024-02-04 00:00:00,1038,44,19,0.18564670490124302,1,0,0,0
2024-02-04 01:00:00,1108,16,36,0.6642193849889683,0,0,1,0
2024-02-04 02:00:00,1692,94,2,0.881690611843508,0,0,0,1
2024-02-04 03:00:00,1041,27,43,0.8141256855911618,0,0,0,1
2024-02-04 04:00:00,1185,76,32,0.6851343098744841,0,1,0,0
2024-02-04 05:00:00,1934,51,8,0.11043186341110267,0,0,0,0
2024-02-04 06:00:00,1397,48,8,0.28918744629594983,0,0,1,0
2024-02-04 07:00:00,1222,50,3,0.309806875322469,0,1,0,0
2024-02-04 08:00:00,1633,84,34,0.24995694639762123,0,0,0,0
2024-02-04 09:00:00,1132,33,16,0.5150056597097231,0,1,0,0
2024-02-04 10:00:00,1162,69,33,0.5355538148796726,0,0,0,1
2024-02-04 11:00:00,1214,55,23,0.3568859751711102,0,0,0,0
2024-02-04 12:00:00,1732,28,31,0.353789158736436,0,1,0,0
2024-02-04 13:00:00,1234,77,0,0.8285555979060814,0,1,0,0
2024-02-04 14:00:00,1842,99,7,0.7892928483196856,0,0,1,0
2024-02-04 15:00:00,1657,51,44,0.30779583168074565,0,1,0,0
2024-02-04 16:00:00,1750,41,22,0.9137884438732593,1,0,0,0
2024-02-04 17:00:00,1587,48,46,0.952815017002506,0,0,0,0
2024-02-04 18:00:00,1008,45,39,0.32674254203004083,0,0,1,0
2024-02-04 19:00:00,1073,45,11,0.35442494879305486,0,0,0,0
2024-02-04 20:00:00,1953,12,11,0.5056341534219588,0,0,0,1
2024-02-04 21:00:00,1491,82,45,0.9411208125336735,0,0,0,0
2024-02-04 22:00:00,1912,17,46,0.8763194331423115,0,0,0,0
2024-02-04 23:00:00,1252,79,14,0.1025679625835898,0,1,0,0
2024-02-05 00:00:00,1229,50,40,0.3927307432714162,0,1,0,0
2024-02-05 01:00:00,1518,77,18,0.5533711897497718,0,0,0,0
2024-02-05 02:00:00,1173,22,25,0.50313247255154,0,0,1,0
2024-02-05 03:00:00,1652,58,28,0.19386306793689267,0,1,0,0
2024-02-05 04:00:00,1167,69,21,0.8588167711681547,1,0,1,0
2024-02-05 05:00:00,1169,11,39,0.6769407829968374,0,0,0,0
2024-02-05 06:00:00,1392,69,20,0.8379083748518036,0,0,0,0
2024-02-05 07:00:00,1945,14,37,0.8587642793494722,0,0,0,1
2024-02-05 08:00:00,1794,53,19,0.7483558536657398,0,1,0,0
2024-02-05 09:00:00,1633,36,28,0.43921060124971734,0,0,0,0
2024-02-05 10:00:00,1193,41,3,0.6105467550154245,0,0,0,1
2024-02-05 11:00:00,1516,30,6,0.16036540611974315,0,1,0,0
2024-02-05 12:00:00,1028,17,27,0.6736454174749077,0,0,0,0
2024-02-05 13:00:00,1164,81,27,0.17925325573928075,0,0,0,0
2024-02-05 14:00:00,1421,59,3,0.6939495905101568,0,1,0,0
2024-02-05 15:00:00,1338,76,21,0.22959816075396866,0,1,0,0
2024-02-05 16:00:00,1647,53,11,0.11755130015021997,0,1,0,0
2024-02-05 17:00:00,1495,67,44,0.16528449014295743,0,0,0,0
2024-02-05 18:00:00,1364,12,2,0.001992135219070268,0,0,0,0
2024-02-05 19:00:00,1832,95,21,0.7187396178535302,0,0,0,1
2024-02-05 20:00:00,1341,79,43,0.7324010490583791,0,0,1,0
2024-02-05 21:00:00,1499,11,1,0.5149333499132595,0,1,0,0
2024-02-05 22:00:00,1656,96,23,0.1613628010553837,0,0,0,0
2024-02-05 23:00:00,1510,53,33,0.08355433751068975,1,0,0,0
2024-02-06 00:00:00,1326,11,26,0.01912896643728701,0,1,0,0
2024-02-06 01:00:00,1216,90,40,0.1657481769652207,0,0,1,0
2024-02-06 02:00:00,1300,44,0,0.8908555349831467,0,1,0,0
2024-02-06 03:00:00,1131,96,7,0.24153684170168177,0,0,1,0
2024-02-06 04:00:00,1803,39,22,0.35427132721721566,0,0,0,0
2024-02-06 05:00:00,1069,17,37,0.10534548448133318,0,0,1,0
2024-02-06 06:00:00,1251,31,5,0.22236130474817029,0,0,0,1
2024-02-06 07:00:00,1414,53,21,0.5192245707802051,0,0,0,0
2024-02-06 08:00:00,1786,67,24,0.6077526830956526,0,0,0,1
2024-02-06 09:00:00,1444,45,17,0.24535231416621106,0,1,0,0
2024-02-06 10:00:00,1875,78,16,0.05773215922511721,1,1,0,0
2024-02-06 11:00:00,1181,86,11,0.39103286912739865,0,1,0,0
2024-02-06 12:00:00,1166,40,5,0.23420337092633414,0,0,1,0
2024-02-06 13:00:00,1090,56,25,0.21955392322980194,0,0,0,0
2024-02-06 14:00:00,1713,64,26,0.9598628027134553,0,1,0,0
2024-02-06 15:00:00,1857,89,7,0.6163004859257241,0,1,0,0
2024-02-06 16:00:00,1530,71,18,0.5568784431720959,0,0,0,0
2024-02-06 17:00:00,1038,39,41,0.4157751035233219,0,1,0,0
2024-02-06 18:00:00,1125,64,0,0.42894433343014426,0,0,0,1
2024-02-06 19:00:00,1450,25,28,0.5409050038380808,0,0,0,0
2024-02-06 20:00:00,1172,21,44,0.6964298070361072,0,0,0,0
2024-02-06 21:00:00,1652,26,48,0.7021460961818294,0,0,0,0
2024-02-06 22:00:00,1753,25,34,0.17169390770544957,1,0,0,1
2024-02-06 23:00:00,1219,21,39,0.500112752076627,0,0,0,0
2024-02-07 00:00:00,1637,17,13,0.41195809503410197,0,0,0,1
2024-02-07 01:00:00,1057,93,34,0.8705269662693842,0,0,0,0
2024-02-07 02:00:00,1659,12,47,0.6314189212183764,1,0,1,0
2024-02-07 03:00:00,1475,25,44,0.5325040664159818,0,1,0,0
2024-02-07 04:00:00,1455,39,19,0.11539464217891737,0,0,1,0
2024-02-07 05:00:00,1828,32,48,0.6056378893234114,0,1,0,0
2024-02-07 06:00:00,1894,14,12,0.11720390568023342,0,0,0,1
2024-02-07 07:00:00,1360,93,37,0.33720657556575206,0,0,1,0
2024-02-07 08:00:00,1934,74,48,0.14284196481433187,0,0,0,0
2024-02-07 09:00:00,1000,39,45,0.6920736470243689,1,1,0,0
2024-02-07 10:00:00,1386,30,48,0.2062521138361526,0,1,0,0
2024-02-07 11:00:00,1972,93,7,0.391859373188026,0,0,1,0
2024-02-07 12:00:00,1347,79,42,0.8956747776187787,0,0,0,1
2024-02-07 13:00:00,1189,31,19,0.2043163833989703,0,0,1,0
2024-02-07 14:00:00,1504,91,32,0.5078050639587791,1,0,0,1
2024-02-07 15:00:00,1190,81,25,0.419271661166022,0,0,0,1
2024-02-07 16:00:00,1507,41,38,0.018124041045729733,0,1,0,0
2024-02-07 17:00:00,1368,42,20,0.7927581135728128,0,0,1,0
2024-02-07 18:00:00,1408,25,48,0.06904590631459973,0,0,1,0
2024-02-07 19:00:00,1823,85,41,0.4742550209769536,0,0,0,1
2024-02-07 20:00:00,1928,47,42,0.5606782949389499,0,0,1,0
2024-02-07 21:00:00,1933,23,40,0.6284264566145871,0,0,0,0
2024-02-07 22:00:00,1116,45,8,0.6886316293078756,1,0,0,0
2024-02-07 23:00:00,1133,32,23,0.2532723835227151,0,0,1,0
2024-02-08 00:00:00,1057,75,36,0.009978776658449373,1,0,1,0
2024-02-08 01:00:00,1555,94,48,0.723443662354912,0,0,0,1
2024-02-08 02:00:00,1684,11,40,0.5356565993475786,0,0,0,0
2024-02-08 03:00:00,1671,82,16,0.8361177032072488,0,0,0,0
2024-02-08 04:00:00,1172,74,23,0.8213883629006943,0,1,0,0
2024-02-08 05:00:00,1828,84,20,0.8433261677878832,0,0,0,1
2024-02-08 06:00:00,1814,76,38,0.48509465997954015,0,1,0,0
2024-02-08 07:00:00,1148,61,40,0.33362839583686565,0,0,0,0
2024-02-08 08:00:00,1079,71,38,0.79155820259137,0,0,0,1
2024-02-08 09:00:00,1885,32,12,0.45129411302925493,0,0,1,0
2024-02-08 10:00:00,1212,35,10,0.1834421964034345,0,0,0,1
2024-02-08 11:00:00,1202,77,45,0.8549740195614743,0,0,1,0
2024-02-08 12:00:00,1763,91,18,0.8825598767723473,0,0,1,0
2024-02-08 13:00:00,1228,64,10,0.4663097561401701,0,0,0,1
2024-02-08 14:00:00,1675,15,12,0.07569972730978747,0,0,1,0
2024-02-08 15:00:00,1226,44,45,0.38782608991693124,1,1,0,0
2024-02-08 16:00:00,1658,31,44,0.8035376594626034,0,0,0,0
2024-02-08 17:00:00,1531,52,0,0.9017740285462287,0,0,1,0
2024-02-08 18:00:00,1440,24,39,0.20347274249759584,0,1,0,0
2024-02-08 19:00:00,1401,95,43,0.06697361202527152,0,0,1,0
2024-02-08 20:00:00,1046,69,18,0.8773504531328387,0,0,0,0
2024-02-08 21:00:00,1232,21,11,0.3894049389788753,0,1,0,0
2024-02-08 22:00:00,1304,58,7,0.5417609642675633,1,0,0,0
2024-02-08 23:00:00,1525,51,7,0.9680658120507589,0,0,0,0
2024-02-09 00:00:00,1142,47,44,0.06656472791422285,0,1,0,0
2024-02-09 01:00:00,1414,91,11,0.6483180074520956,0,1,0,0
2024-02-09 02:00:00,1512,54,47,0.07410542257486707,0,1,0,0
2024-02-09 03:00:00,1372,44,32,0.3754689284665004,0,0,0,1
2024-02-09 04:00:00,1565,39,44,0.8038145451934468,0,1,0,0
2024-02-09 05:00:00,1885,97,25,0.4334722327556344,0,1,0,0
2024-02-09 06:00:00,1258,39,38,0.9971823539029504,1,1,0,0
2024-02-09 07:00:00,1655,87,27,0.5590592849466022,0,1,0,0
2024-02-09 08:00:00,1470,15,4,0.3211621526359535,0,0,1,0
2024-02-09 09:00:00,1952,76,7,0.22011132590475313,0,0,0,1
2024-02-09 10:00:00,1970,89,24,0.3505205342861618,0,0,0,0
2024-02-09 11:00:00,1011,16,26,0.3725332737595508,0,1,0,0
2024-02-09 12:00:00,1329,61,45,0.06871367772396098,0,0,1,0
2024-02-09 13:00:00,1735,23,22,0.36957419942677316,0,0,1,0
2024-02-09 14:00:00,1783,82,29,0.4642385197392249,0,0,1,0
2024-02-09 15:00:00,1967,24,44,0.7227377522388047,0,0,0,0
2024-02-09 16:00:00,1357,30,46,0.656729484721608,1,1,0,0
2024-02-09 17:00:00,1971,44,22,0.7087656552291542,0,0,0,1
2024-02-09 18:00:00,1407,75,48,0.008363681876857099,1,0,0,1
2024-02-09 19:00:00,1667,11,46,0.21766739958053605,1,0,1,0
2024-02-09 20:00:00,1372,44,19,0.6616842883998565,0,0,0,0
2024-02-09 21:00:00,1007,91,17,0.48398936817974714,0,0,0,0
2024-02-09 22:00:00,1121,87,17,0.005313475668345946,0,0,0,0
2024-02-09 23:00:00,1347,29,1,0.8044946424318223,0,0,0,1
2024-02-10 00:00:00,1675,91,3,0.7728095732903374,0,0,1,0
2024-02-10 01:00:00,1089,19,29,0.5484191629935626,0,1,0,0
2024-02-10 02:00:00,1647,34,32,0.06646332577627212,1,0,0,1
2024-02-10 03:00:00,1697,75,35,0.7665150495325846,0,0,1,0
2024-02-10 04:00:00,1315,34,17,0.583713587731364,0,0,1,0
2024-02-10 05:00:00,1177,63,36,0.7819599771579592,0,1,0,0
2024-02-10 06:00:00,1539,42,18,0.7517469923958404,1,1,0,0
2024-02-10 07:00:00,1731,45,46,0.8030020719578371,0,1,0,0
2024-02-10 08:00:00,1868,23,27,0.5180080664046248,1,0,0,0
2024-02-10 09:00:00,1040,74,39,0.140324518193515,0,1,0,0
2024-02-10 10:00:00,1739,89,19,0.6711574733796887,0,0,1,0
2024-02-10 11:00:00,1703,63,48,0.6204737850519706,0,1,0,0
2024-02-10 12:00:00,1922,61,32,0.7422531871990872,0,0,1,0
2024-02-10 13:00:00,1501,12,11,0.1698810060507353,0,0,0,1
2024-02-10 14:00:00,1958,50,14,0.19497519990028922,0,0,0,0
2024-02-10 15:00:00,1144,15,40,0.8904095172193285,0,0,0,1
2024-02-10 16:00:00,1200,34,38,0.7499777984520708,0,0,0,1
2024-02-10 17:00:00,1928,22,1,0.9082284887003229,0,0,1,0
2024-02-10 18:00:00,1723,17,28,0.7587153211639207,1,0,0,1
2024-02-10 19:00:00,1460,30,40,0.5971553059903019,0,0,1,0
2024-02-10 20:00:00,1731,77,9,0.6541327370278737,0,1,0,0
2024-02-10 21:00:00,1751,34,1,0.88912792394001,0,1,0,0
2024-02-10 22:00:00,1924,88,10,0.5788067545119405,0,0,1,0
2024-02-10 23:00:00,1908,77,12,0.6323913243283874,0,1,0,0
2024-02-11 00:00:00,1557,54,9,0.15647671600360058,0,0,0,0
2024-02-11 01:00:00,1546,69,13,0.4739212201161027,0,0,0,1
2024-02-11 02:00:00,1252,21,17,0.716397111958099,0,0,0,0
2024-02-11 03:00:00,1389,41,8,0.2709426983163654,0,0,0,1
2024-02-11 04:00:00,1593,22,38,0.20225418052453492,0,1,0,0
2024-02-11 05:00:00,1882,40,27,0.31382680822441555,0,0,0,0
2024-02-11 06:00:00,1255,87,2,0.24150062799283345,0,1,0,0
2024-02-11 07:00:00,1708,29,19,0.21491263703639585,0,0,0,1
2024-02-11 08:00:00,1814,27,5,0.42485084286808694,0,0,1,0
2024-02-11 09:00:00,1920,69,26,0.9078385138835341,0,0,1,0
2024-02-11 10:00:00,1449,72,1,0.5070596467387183,1,0,0,0
2024-02-11 11:00:00,1009,15,28,0.18792038081532303,0,1,0,0
2024-02-11 12:00:00,1823,41,37,0.07697166938087407,0,1,0,0
2024-02-11 13:00:00,1797,52,2,0.6961561451379252,0,0,0,0
2024-02-11 14:00:00,1241,11,15,0.38279876443638783,0,0,1,0
2024-02-11 15:00:00,1250,69,29,0.8218309465853593,0,0,0,1
